City Name,Country Code,Lat,Lon
saldanha,za,-38.62,0.11
tiksi,ru,82.01,128.62
tawkar,sd,18.37,38.44
halifax,ca,40.92,-62.16
taolanaro,mg,-47.21,56.51
port elizabeth,za,-78.26,31.34
saskylakh,ru,79.67,120.13
kalmunai,lk,7.44,87.99
vaini,to,-25.43,-170.84
busselton,au,-46.47,107.13
mataura,pf,-74.84,-147.03
umm kaddadah,sd,15.76,28.11
faanui,pf,-3.69,-153.49
chuy,uy,-45.58,-42.11
prince rupert,ca,54.84,-130.87
dudinka,ru,72.3,85.67
port alfred,za,-89.94,44.7
tuktoyaktuk,ca,76.65,-126.78
khalandrion,gr,38.04,23.78
rehoboth,na,-23.82,17.08
vanimo,pg,0.09,141.5
taltal,cl,-25.07,-70.1
pacific grove,us,29.16,-133.47
grand gaube,mu,-12.12,62.47
bengkulu,id,-21.32,88.34
kapaa,us,27.21,-167.47
katherine,au,-14.06,131.42
rikitea,pf,-23.86,-139.92
nizwa,om,19.85,57.22
los llanos de aridane,es,26.43,-26.69
palu,id,1.31,120.29
albany,au,-53.06,117.56
chicama,pe,-11.4,-85.51
beckley,us,37.65,-80.97
te anau,nz,-44.96,167.66
bilma,ne,19.34,13.62
yellowknife,ca,82.11,-108.28
jamestown,sh,-34.26,-14.47
thompson,ca,71.9,-97.35
ambilobe,mg,-8.75,48.94
kichmengskiy gorodok,ru,60.4,45.62
ferma,ru,57.88,56.35
bluff,nz,-66.47,171.9
pangody,ru,69.69,74.12
namibe,ao,-15.59,6.14
aiken,us,33.39,-81.47
samut sakhon,th,13.59,100.26
alice springs,au,-26.79,136.79
moussoro,td,14.49,16.38
buraydah,sa,26.81,42.3
newport,us,45.73,-127.75
iqaluit,ca,60.93,-68.05
bethel,us,48.97,-168.48
hobart,au,-84.55,150.42
airai,pw,10.8,135.11
xining,cn,35.36,101.07
samusu,ws,-11.64,-167.16
najran,sa,17.07,44.12
fortuna,us,34.88,-138.89
castro,cl,-50.0,-97.87
albania,co,11.35,-72.5
cherskiy,ru,74.36,158.94
lompoc,us,32.93,-122.82
dianopolis,br,-11.86,-47.3
ha tinh,vn,18.69,106.45
broome,au,-16.13,120.68
dingle,ie,50.25,-19.95
biak,id,2.17,136.6
guerrero negro,mx,24.43,-118.31
ler,sd,7.99,30.34
kitakata,jp,37.44,139.76
umzimvubu,za,-52.37,46.38
ushuaia,ar,-76.55,-32.31
hun,ly,27.55,16.02
kaitangata,nz,-60.4,177.26
mackay,au,-20.81,150.72
la ronge,ca,58.19,-107.58
barentsburg,sj,84.51,-3.22
illoqqortoormiut,gl,72.81,-16.69
saint-philippe,re,-27.88,59.69
odienne,ci,9.42,-7.95
norrtalje,se,59.24,18.85
acapulco,mx,5.69,-102.91
kloulklubed,pw,3.96,136.23
chapais,ca,54.27,-72.14
dunedin,nz,-54.48,178.91
birao,cf,9.76,21.63
hermanus,za,-47.78,11.52
cape town,za,-75.1,-11.07
sao filipe,cv,4.99,-24.09
ondorhaan,mn,47.36,110.06
cochrane,ca,49.16,-81.69
amderma,ru,72.23,62.35
barrow,us,70.48,-160.65
upernavik,gl,81.68,-55.78
mandeville,us,30.35,-89.99
buchanan,lr,-0.17,-13.32
faya,td,20.1,21.55
esperance,au,-38.05,121.6
miri,my,6.0,112.79
souillac,mu,-38.82,66.97
marquette,us,45.96,-88.16
hasaki,jp,34.39,142.34
gurgan,az,39.93,50.98
jaisalmer,in,26.68,70.29
buin,pg,-6.86,156.83
zhigansk,ru,68.43,121.74
santa fe,cu,20.94,-82.44
dikson,ru,84.02,79.12
lincoln,ar,-35.01,-61.16
port hedland,au,-24.05,123.51
alenquer,br,-0.9,-54.36
khatanga,ru,76.54,107.48
punta arenas,cl,-70.78,-98.35
rawson,ar,-48.7,-58.5
nanortalik,gl,53.86,-45.01
metzingen,de,48.58,9.25
krasnoselkup,ru,66.09,82.05
saint-pierre,pm,44.64,-57.34
haibowan,cn,41.27,106.54
mala,pe,-12.43,-76.13
padang,id,-0.18,98.63
katsuura,jp,27.02,146.64
narsaq,gl,77.69,-62.34
kirkwood,za,-33.36,25.8
butaritari,ki,6.44,179.68
bubaque,gw,5.8,-22.87
korla,cn,41.23,86.98
kirensk,ru,59.2,107.1
luanda,ao,-10.12,8.9
teknaf,bd,19.09,90.5
qaanaaq,gl,82.08,-94.87
lebu,cl,-37.33,-81.53
havoysund,no,77.04,23.82
beringovskiy,ru,52.22,179.37
nemuro,jp,42.63,145.26
uige,ao,-7.53,14.43
cabo san lucas,mx,5.79,-119.76
belushya guba,ru,72.68,49.18
carnarvon,au,-23.69,101.0
henties bay,na,-24.75,5.44
emerald,au,-24.77,144.46
mattru,sl,1.43,-16.3
grand river south east,mu,-19.29,74.48
avarua,ck,-28.51,-164.06
murray bridge,au,-35.01,139.69
hay river,ca,62.69,-118.78
namtsy,ru,63.17,129.56
scottsburgh,za,-34.25,36.77
rio grande,br,-32.46,-52.23
saint-augustin,ca,56.66,-57.57
santa cruz del sur,cu,20.46,-78.5
carutapera,br,0.82,-44.77
bana,cm,4.92,10.35
puerto ayora,ec,-0.32,-98.2
samarai,pg,-13.97,148.97
cidreira,br,-54.62,-24.65
arraial do cabo,br,-26.8,-41.34
atuona,pf,-7.58,-144.8
abha,sa,18.79,41.94
chokurdakh,ru,82.01,154.0
caravelas,br,-19.35,-34.81
clyde river,ca,72.23,-64.77
ostrovnoy,ru,80.52,40.86
berlevag,no,72.92,29.83
kodiak,us,55.33,-152.85
anadyr,ru,66.63,176.61
ponta delgada,pt,30.63,-27.91
skagastrond,is,68.2,-19.82
tuatapere,nz,-59.29,155.93
ponta do sol,cv,19.66,-30.82
riyadh,sa,20.86,47.87
mombetsu,jp,44.45,143.34
tautira,pf,-16.27,-146.17
codrington,ag,24.91,-50.36
santa cruz,cr,10.27,-85.73
provideniya,ru,54.78,-179.49
praia da vitoria,pt,46.67,-24.81
new norfolk,au,-54.4,137.48
adrar,dz,29.25,-4.03
hilo,us,8.67,-148.66
luderitz,na,-30.99,3.11
georgetown,sh,-14.13,-23.33
mbala,zm,-9.11,31.42
flinders,au,-33.84,134.02
olavarria,ar,-37.05,-60.78
barbar,sd,16.96,34.85
haines junction,ca,59.98,-143.2
xiangdong,cn,27.77,113.67
dicabisagan,ph,16.57,124.96
ribeira grande,pt,45.31,-38.49
attawapiskat,ca,59.46,-77.16
tapes,br,-31.25,-50.75
nikolskoye,ru,48.18,178.55
tasiilaq,gl,66.19,-41.3
nikel,ru,68.68,29.38
porbandar,in,21.28,69.37
meulaboh,id,-0.86,92.04
churachandpur,in,23.79,93.73
lichinga,mz,-12.51,35.7
longyearbyen,sj,84.51,15.87
san ramon,bo,-14.75,-63.33
atar,mr,19.82,-13.92
kimbe,pg,-4.75,148.86
smithers,ca,58.11,-126.46
port hardy,ca,44.33,-132.32
hithadhoo,mv,-3.46,81.69
natal,br,-2.69,-24.52
tubmanburg,lr,6.99,-10.5
sentyabrskiy,ru,37.2,153.44
san patricio,mx,18.03,-105.11
aswan,eg,22.43,28.68
kusk,af,33.61,61.65
sao miguel do oeste,br,-26.66,-53.82
kruisfontein,za,-83.72,29.61
husavik,is,77.89,-9.86
port lavaca,us,28.17,-95.96
saleaula,ws,4.24,-166.02
ahipara,nz,-36.9,166.89
heyang,cn,29.98,105.96
dengfeng,cn,34.43,113.09
kavaratti,in,12.02,66.93
artyom,az,41.09,51.42
kantunilkin,mx,21.9,-87.59
gorno-chuyskiy,ru,57.5,111.95
ketchikan,us,54.44,-132.8
sarkand,kz,45.78,80.23
talcahuano,cl,-35.32,-74.96
mahebourg,mu,-49.05,79.03
salyan,az,39.52,49.09
constitucion,mx,14.37,-123.18
bac lieu,vn,8.77,106.48
fairbanks,us,67.3,-142.94
aras,no,61.31,3.04
lazaro cardenas,mx,12.59,-104.96
geraldton,au,-30.28,111.22
aflu,dz,34.51,1.98
talnakh,ru,75.9,89.42
marina,us,36.64,-121.74
mys shmidta,ru,87.45,-179.99
bredasdorp,za,-75.98,18.57
saint george,bm,33.57,-54.63
bonavista,ca,50.98,-49.97
hualmay,pe,-19.17,-90.24
tiznit,ma,28.92,-10.68
brae,gb,67.62,-1.52
jumla,np,29.83,83.1
polyarnyy,ru,69.45,33.67
torbay,ca,42.63,-44.82
isangel,vu,-20.02,170.76
ibra,om,22.04,58.73
sao joao da barra,br,-28.27,-31.81
nguiu,au,-10.61,130.01
hokitika,nz,-42.84,169.4
nizhneyansk,ru,89.43,133.45
laguna,br,-34.21,-39.75
sudak,ua,44.88,34.73
touros,br,-1.52,-32.05
burgeo,ca,47.5,-57.06
lagoa,pt,49.37,-25.92
visnes,no,58.44,3.67
pevek,ru,68.15,169.03
northam,au,-27.72,120.3
vila velha,br,-27.52,-23.92
broken hill,au,-32.12,142.79
redmond,us,43.86,-119.64
jalu,ly,30.59,22.36
yulara,au,-25.92,130.39
laramie,us,40.92,-106.09
victoria,sc,-3.49,54.44
kaeo,nz,-33.88,173.8
paso de los toros,uy,-33.1,-56.39
mar del plata,ar,-68.93,-24.32
komsomolskiy,ru,69.99,173.48
sola,vu,-13.18,170.66
kenai,us,64.96,-155.5
chitungwiza,zw,-18.55,30.7
xichang,cn,29.33,100.42
gushikawa,jp,24.16,131.59
petropavlovsk-kamchatskiy,ru,47.75,162.5
khash,ir,27.67,61.84
pisco,pe,-18.74,-83.74
avera,pf,-23.9,-155.47
spirit river,ca,55.93,-119.25
gigmoto,ph,14.62,126.75
kanniyakumari,in,6.59,77.41
xai-xai,mz,-26.22,35.62
barstow,us,35.2,-117.35
manokwari,id,-0.07,135.05
kavieng,pg,14.09,151.72
syracuse,it,36.1,17.13
kangaatsiaq,gl,68.01,-52.88
ilulissat,gl,78.45,-42.95
turayf,sa,32.96,39.81
fianga,td,9.82,14.81
lara,au,-37.83,144.31
mao,td,14.37,15.19
karratha,au,-15.14,116.36
algeciras,ph,11.77,120.81
the valley,ai,24.27,-61.42
oranjemund,na,-33.9,7.0
aklavik,ca,68.18,-137.14
paciran,id,-6.1,112.89
bonthe,sl,3.87,-17.02
waingapu,id,-13.07,120.41
whitefish,us,48.4,-114.12
college,us,64.75,-148.84
caarapo,br,-22.49,-55.03
vaitupu,wf,-1.35,-175.42
ust-kamchatsk,ru,55.62,162.15
mnogovershinnyy,ru,54.12,140.26
christchurch,nz,-43.87,174.57
maymanak,uz,38.58,64.95
ranong,th,10.6,96.21
teguise,es,30.15,-12.34
bandarbeyla,so,8.2,52.87
half moon bay,us,31.1,-137.38
ixtapa,mx,8.26,-106.56
mersing,my,3.12,106.59
dauriya,ru,49.29,116.42
key west,us,25.24,-83.53
sataua,ws,-8.31,-173.51
mayo,ca,66.11,-136.93
kodinsk,ru,58.92,98.72
mount isa,au,-18.67,138.65
adre,td,13.08,21.82
almendralejo,es,38.71,-6.41
dangriga,bz,16.85,-87.76
kahului,us,33.32,-147.24
roma,au,-28.95,146.35
san quintin,mx,19.66,-128.8
green river,us,40.95,-109.6
tsihombe,mg,-50.63,50.34
yanan,cn,37.73,109.95
ust-omchug,ru,60.05,148.12
kano,ng,12.44,8.23
san pedro,ar,-24.75,-64.16
vardo,no,85.74,35.27
salalah,om,17.46,58.61
panama city,us,26.98,-86.5
lewiston,us,46.28,-117.59
mabaruma,gy,10.33,-57.46
naze,jp,23.19,134.2
portland,au,-60.96,126.89
shimoda,jp,24.64,142.39
bunbury,au,-32.89,115.03
oppdal,no,62.58,9.41
marathopolis,gr,36.64,20.94
suruc,tr,35.8,39.22
socoltenango,mx,16.18,-92.31
kayerkan,ru,70.96,87.57
ballina,au,-30.18,159.06
ecoporanga,br,-18.47,-40.94
necochea,ar,-50.41,-52.65
poum,nc,-18.11,156.78
bengbu,cn,32.81,117.32
matane,ca,48.92,-67.67
puerto del rosario,es,26.46,-12.48
east london,za,-34.31,29.95
pacasmayo,pe,-7.56,-79.7
saint-paul,re,-20.68,53.12
sibolga,id,1.01,97.93
navrongo,gh,10.53,-1.46
vanavara,ru,59.48,103.1
weihai,cn,37.96,123.02
jasper,ca,53.14,-118.58
shiraz,ir,29.54,52.33
nampula,mz,-15.34,38.33
mangrol,in,17.45,66.33
corrente,br,-10.46,-45.02
phan thiet,vn,10.34,108.56
suicheng,cn,33.52,117.67
inhambane,mz,-28.58,37.43
kharp,ru,69.3,66.63
north bend,us,44.15,-128.87
tumannyy,ru,84.93,38.85
roebourne,au,-23.94,116.84
yumen,cn,41.01,97.84
lensk,ru,59.76,114.85
halvad,in,22.9,71.09
suhbaatar,mn,49.89,105.76
puerto leguizamo,co,0.46,-74.23
orgun,af,32.51,68.65
porto murtinho,br,-21.88,-57.66
monrovia,lr,3.45,-13.28
bermejo,bo,-22.72,-64.46
ouegoa,nc,-18.42,164.84
high rock,bs,26.65,-77.88
roatan,hn,16.14,-86.72
albertville,us,33.96,-86.39
voznesenye,ru,60.94,35.19
kamarion,gr,36.46,25.85
sobolevo,ru,54.45,153.24
namatanai,pg,5.47,160.01
mori,jp,35.13,137.8
klaksvik,fo,75.22,-2.03
nikolayevsk-na-amure,ru,53.88,141.13
general roca,ar,-38.08,-66.58
bambous virieux,mu,-22.34,63.2
gat,ly,25.71,4.79
taksimo,ru,56.76,114.92
asau,tv,-8.15,179.76
beboto,td,8.21,16.74
twin falls,us,41.94,-114.31
baruun-urt,mn,45.41,115.62
muros,es,42.54,-16.65
champerico,gt,10.04,-93.73
aykino,ru,62.37,50.01
shar,kz,49.13,81.09
wanning,cn,18.91,113.55
zeya,ru,55.21,128.61
rudbar,af,29.55,62.2
kuching,my,4.82,108.88
vila franca do campo,pt,40.33,-22.75
morondava,mg,-20.45,43.32
kudahuvadhoo,mv,2.4,70.78
ambodifototra,mg,-18.09,52.02
sawakin,sd,19.05,37.38
bowen,au,-18.65,149.0
beatrice,us,39.84,-96.42
pochutla,mx,7.35,-98.31
bakchar,ru,57.39,80.82
erbach,de,49.67,8.98
non sung,th,15.25,102.34
darnah,ly,33.89,22.34
hamilton,bm,34.63,-68.18
ambon,id,-4.33,125.6
rundu,na,-17.23,20.57
parrita,cr,6.53,-86.37
elizabeth city,us,33.79,-71.92
margate,za,-39.65,40.93
urumqi,cn,42.36,87.98
lerwick,gb,61.6,0.38
nuristan,af,35.84,70.42
fukue,jp,31.79,126.67
river falls,us,45.23,-92.32
jardim,br,5.81,-32.45
havelock,us,33.82,-73.39
roblin,ca,51.31,-101.63
maba,cn,24.73,113.58
lasa,cn,31.55,88.23
port macquarie,au,-34.24,158.77
yeppoon,au,-20.57,154.88
porto nacional,br,-10.76,-47.89
sept-iles,ca,54.39,-66.43
norman wells,ca,72.18,-121.39
castlegar,ca,49.46,-118.08
bahile,ph,11.01,117.68
umm durman,sd,15.29,32.03
camacha,pt,35.19,-17.63
lavrentiya,ru,62.35,-168.78
sur,om,22.23,59.01
okhotsk,ru,60.68,141.64
voh,nc,-22.7,163.34
moose factory,ca,56.66,-76.58
vokhma,ru,59.29,46.58
porto novo,cv,14.96,-35.54
qaqortoq,gl,55.98,-49.0
klyuchi,ru,52.05,78.71
bekobod,uz,40.03,69.19
xuanhua,cn,40.08,115.03
kirakira,sb,-13.46,160.85
lodja,cd,-3.73,22.52
masjed-e soleyman,ir,32.0,50.03
sinnamary,gf,9.13,-51.4
ancud,cl,-40.58,-92.99
tibati,cm,6.47,13.14
bolungarvik,is,69.34,-29.74
temirtau,kz,50.1,72.87
sindand,af,33.4,62.59
matara,lk,-0.16,80.5
miles city,us,47.02,-107.24
bathsheba,bb,18.57,-48.77
banda aceh,id,2.69,88.73
anori,br,-3.26,-61.4
coos bay,us,42.37,-125.57
severo-kurilsk,ru,30.06,169.07
kabinda,cd,-6.07,24.6
svetlaya,ru,47.02,139.86
itacare,br,-14.44,-37.43
nouakchott,mr,18.89,-15.08
sitka,us,55.8,-140.28
devonport,au,-40.53,146.35
meyungs,pw,10.19,132.55
arys,kz,42.91,69.21
linapacan,ph,11.5,120.11
praya,id,-12.78,115.71
poronaysk,ru,49.88,144.44
zhuhai,cn,20.42,114.67
taburi,ph,11.25,113.72
nouadhibou,mr,24.01,-20.81
estelle,us,26.04,-88.0
pingyi,cn,35.32,117.53
san cristobal,ec,-5.66,-87.82
marovoay,mg,-15.83,47.08
wismar,de,54.07,11.35
griffith,au,-34.39,145.53
srednekolymsk,ru,71.76,154.77
aban,ru,57.1,96.28
sinop,tr,42.22,35.14
maghama,mr,17.69,-11.48
scarborough,tt,11.26,-58.78
koroni,gr,36.59,22.08
vrangel,ru,40.73,133.19
mecca,sa,20.36,40.0
pousat,kh,12.51,103.96
sharjah,ae,25.52,55.79
kelowna,ca,49.85,-119.15
gwembe,zm,-16.81,27.85
mahajanga,mg,-14.47,46.13
sao gabriel da cachoeira,br,-1.09,-67.84
catuday,ph,18.02,116.88
mudon,mm,16.12,97.76
guaiba,br,-30.35,-51.3
egvekinot,ru,67.2,-177.97
churapcha,ru,62.92,132.15
lorengau,pg,8.03,148.16
ijaki,ki,-3.63,175.55
olinda,br,-8.88,-30.6
obanazawa,jp,38.57,140.29
rocha,uy,-44.46,-46.71
juneau,us,59.83,-130.24
madison,us,44.05,-97.39
bronnoysund,no,65.5,11.88
yar-sale,ru,72.49,69.36
moree,au,-29.38,145.92
zuwarah,ly,33.38,12.11
ust-nera,ru,62.11,142.89
ocean city,us,37.56,-73.52
sambava,mg,-13.41,53.79
balkhash,kz,47.31,76.48
baykit,ru,61.58,94.7
coxim,br,-18.4,-55.68
port blair,in,10.73,91.19
vostok,ru,51.1,146.54
seagoville,us,32.62,-96.61
vacha,ru,55.81,42.54
cayenne,gf,12.03,-40.37
inyonga,tz,-7.0,33.07
auki,sb,-7.18,162.61
isakly,ru,53.93,51.76
vilhena,br,-13.72,-60.83
mogadishu,so,1.42,47.56
sturgeon bay,us,44.63,-87.1
rottingdean,gb,50.72,-0.07
niquero,cu,20.17,-77.8
saryshagan,kz,45.54,71.27
alcudia,es,40.35,3.58
abapo,bo,-18.76,-63.68
alofi,nu,-19.47,-165.94
coria,es,39.75,-6.45
manama,bh,26.7,51.0
jamiltepec,mx,16.15,-97.77
kabanjahe,id,2.09,96.65
pecos,us,30.26,-103.23
valparaiso,cl,-30.74,-81.45
altamont,us,41.42,-121.97
wheatley,ca,42.13,-82.43
aklera,in,24.5,76.43
sayyan,ye,15.87,47.16
fort frances,ca,48.27,-94.18
tarko-sale,ru,64.02,80.17
eucaliptus,bo,-17.7,-67.91
vila,vu,-15.28,174.11
houma,cn,35.95,110.79
troitsko-pechorsk,ru,62.01,56.72
ankang,cn,33.2,108.67
amberley,nz,-43.3,173.36
gorontalo,id,1.36,123.5
hambantota,lk,-1.26,87.76
bolshoye nagatkino,ru,54.3,47.92
yaan,cn,32.23,99.22
buariki,ki,1.55,165.44
igarape-miri,br,-2.56,-48.83
pa sang,th,18.15,98.63
sivaki,ru,52.32,126.99
utiroa,ki,-1.98,174.08
lumeje,ao,-12.54,20.93
dakar,sn,13.79,-19.93
hrubieszow,pl,51.02,23.86
mizdah,ly,29.43,11.52
falealupo,ws,-10.64,-173.99
novo aripuana,br,-6.53,-59.5
douglas,us,42.75,-105.36
ulaanbaatar,mn,47.55,107.55
galiwinku,au,-8.71,135.3
xiaoweizhai,cn,25.76,107.73
annau,tm,39.41,59.65
nkhotakota,mw,-12.56,34.4
arlit,ne,20.61,6.59
iquique,cl,-19.98,-71.48
angoche,mz,-18.45,39.84
katha,mm,23.87,96.36
shingu,jp,26.65,137.64
fort nelson,ca,59.26,-125.17
cockburn town,bs,23.35,-73.66
ramnagar,in,32.65,75.51
azua,do,18.22,-70.71
awassa,et,7.29,38.17
port hueneme,us,32.27,-119.95
yarada,in,14.45,86.68
nanning,cn,22.45,107.74
cruzilia,br,-21.56,-44.6
pangnirtung,ca,63.56,-60.6
maceio,br,-17.31,-25.73
salta,ar,-24.86,-67.76
ilhabela,br,-25.29,-44.86
hofn,is,57.28,-15.94
la ciotat,fr,41.84,5.27
mandalgovi,mn,45.36,104.61
goure,ne,14.31,10.08
babayurt,ru,43.67,46.75
saint anthony,ca,56.71,-53.66
yomitan,jp,27.4,126.17
qandala,so,13.84,49.7
illela,ne,14.57,5.53
itajuba,br,-22.36,-45.32
yei,sd,4.67,30.75
mandera,ke,4.3,40.64
konya,tr,37.94,32.12
ukholovo,ru,53.4,40.63
porto walter,br,-8.58,-73.14
roald,no,70.92,0.43
inirida,co,4.34,-66.11
padre bernardo,br,-15.34,-48.34
torbat-e jam,ir,35.04,59.4
baracoa,cu,20.02,-74.25
novikovo,ru,47.7,145.36
pinega,ru,65.57,43.19
rewa,in,24.53,81.16
hervey bay,au,-23.65,155.39
matagami,ca,50.89,-78.4
touho,nc,-20.48,165.85
inongo,cd,-1.3,18.29
chau doc,vn,10.94,105.19
veinticinco de mayo,ar,-35.6,-60.4
mayumba,ga,-7.54,5.05
pamanukan,id,-5.65,107.83
carballo,es,46.94,-11.84
lishui,cn,27.92,119.58
varhaug,no,58.28,4.7
diamantino,br,-12.13,-56.51
bolobo,cd,-1.6,17.16
hatogaya,jp,35.81,139.75
ust-tsilma,ru,65.56,50.56
hearst,ca,49.56,-83.98
victoria point,au,-26.25,157.84
portales,us,34.33,-103.77
kismayo,so,-1.06,42.79
trairi,br,6.27,-33.76
biltine,td,15.18,20.23
marzuq,ly,24.91,13.23
umea,se,64.07,19.63
cacapava do sul,br,-30.88,-53.13
valleyview,ca,55.13,-117.94
friendswood,us,29.59,-95.19
leningradskiy,ru,68.97,178.67
pechora,ru,65.08,57.26
pouebo,nc,-18.97,165.44
dragor,dk,55.61,12.77
natchitoches,us,31.23,-93.59
ayan,ru,55.21,138.21
elk plain,us,46.47,-122.01
hihifo,to,-15.0,-173.84
tawnat,ma,34.22,-4.61
qarqin,af,37.17,65.97
burica,pa,5.55,-86.35
srostki,ru,52.2,85.65
tari,pg,-5.04,142.12
lunca,ro,46.81,24.58
merauke,id,-9.71,138.24
koutsouras,gr,34.05,26.16
chute-aux-outardes,ca,50.12,-68.89
matadi,cd,-5.16,13.96
odweyne,so,8.67,45.85
asyut,eg,25.18,26.84
orlik,ru,51.83,98.79
lata,sb,-7.58,169.25
nabire,id,-3.3,133.28
petropavlovka,ru,50.0,105.4
vestbygda,no,56.63,5.64
honiara,sb,-15.03,158.07
takoradi,gh,-2.28,-0.07
soyo,ao,-7.95,10.05
bosaso,so,11.34,49.53
grindavik,is,54.27,-30.86
payson,us,40.14,-112.0
salinopolis,br,5.18,-44.2
veraval,in,15.83,67.01
luangwa,zm,-15.86,29.93
shenkursk,ru,61.78,42.75
richards bay,za,-28.37,33.95
nhulunbuy,au,-13.59,141.09
raga,sd,9.37,25.15
moerai,pf,-20.63,-151.17
burns lake,ca,53.97,-124.99
nargana,pa,11.4,-78.32
willowmore,za,-33.18,22.84
tilichiki,ru,58.57,166.52
bethanien,na,-26.16,17.38
penzance,gb,50.17,-6.15
kuytun,cn,43.8,84.07
intipuca,sv,12.63,-88.02
tabou,ci,0.96,-6.99
akureyri,is,64.93,-18.63
port augusta,au,-30.71,136.65
plettenberg bay,za,-45.91,24.35
isla vista,us,34.08,-119.82
eyl,so,7.36,49.45
louisbourg,ca,43.69,-58.72
silvan,tr,38.34,41.08
port lincoln,au,-51.56,128.14
meadow lake,ca,53.58,-107.56
okato,nz,-37.65,172.32
flin flon,ca,57.26,-101.57
aneho,tg,6.04,1.81
vestmannaeyjar,is,51.64,-22.6
tobermory,gb,56.68,-7.06
usinsk,ru,66.92,57.7
misratah,ly,33.48,16.74
wajir,ke,1.0,40.26
urla,tr,38.52,26.62
cukai,my,4.21,103.78
erzin,ru,47.02,95.04
phalombe,mw,-15.99,36.43
krasnoarmeysk,kz,53.68,68.63
bargal,so,10.4,57.73
taiyuan,cn,37.45,112.21
athgarh,in,20.59,85.77
coruripe,br,-16.63,-29.43
matamoros,mx,24.12,-93.64
linares,cl,-35.95,-71.11
steinbach,ca,49.01,-95.69
huilong,cn,32.84,124.94
mountain home,us,36.88,-92.47
ginda,er,16.66,40.36
byron bay,au,-29.36,158.63
shatrovo,ru,56.25,64.65
gedo,et,9.23,37.63
lakselv,no,69.14,24.34
lake havasu city,us,34.55,-114.82
trzcianka,pl,53.14,16.38
tanabe,jp,32.71,135.19
qandahar,af,31.64,66.24
thyboron,dk,57.24,7.71
perevolotskiy,ru,52.07,54.47
epinal,fr,48.2,6.4
kingman,us,35.57,-113.56
moindou,nc,-27.45,161.72
praia,cv,10.71,-21.97
westport,ie,56.08,-12.95
uva,ru,57.13,52.51
waipawa,nz,-47.59,179.92
osmena,ph,9.28,120.39
berdigestyakh,ru,60.47,127.28
goderich,sl,8.5,-13.54
koszalin,pl,54.53,15.93
dolores,uy,-33.62,-58.47
saint-pacome,ca,47.25,-69.76
mehamn,no,80.47,29.29
thunder bay,ca,50.85,-89.28
singapore,sg,0.98,103.54
polohy,ua,47.46,36.26
abu samrah,qa,22.92,49.21
cap malheureux,mu,-12.74,58.79
boende,cd,-0.21,20.02
khonuu,ru,67.0,142.16
gernsheim,de,49.76,8.56
sydney,au,-35.21,153.25
mengcheng,cn,33.03,116.79
coihaique,cl,-44.62,-70.63
garm,tj,38.56,70.45
vao,nc,-23.73,168.0
nador,ma,34.84,-1.69
nefteyugansk,ru,59.72,72.94
piacabucu,br,-15.64,-30.83
satitoa,ws,-14.18,-166.88
noumea,nc,-22.62,166.07
hami,cn,44.48,96.43
songjianghe,cn,40.61,128.32
zaraza,ve,9.44,-64.98
mount gambier,au,-49.38,132.26
ciudad bolivar,ve,6.36,-63.76
tetouan,ma,35.31,-5.22
surazh,ru,53.04,32.2
kuche,cn,41.81,82.07
dubbo,au,-31.35,146.09
jacareacanga,br,-6.28,-56.88
black river,jm,15.7,-79.76
weligama,lk,1.05,78.78
redlands,us,39.84,-109.38
baghdad,iq,32.62,43.81
lolua,tv,-4.07,177.29
nyimba,zm,-14.94,30.46
wilkie,ca,52.88,-108.78
impfondo,cg,1.35,18.48
amlagora,in,22.91,87.25
valkeala,fi,61.29,27.01
tokmak,kg,44.43,75.57
gornyy,ru,50.79,135.89
uribia,co,13.22,-71.67
taseyevo,ru,57.48,95.02
abonnema,ng,3.01,5.9
aguimes,es,26.53,-15.29
skoghall,se,59.23,13.46
ariquemes,br,-10.19,-63.16
ambuclao,ph,16.48,120.78
gambo,cf,5.41,22.35
chaman,pk,31.22,66.65
skiros,gr,39.23,24.58
paamiut,gl,58.16,-54.75
bloemhof,za,-27.89,25.63
ngunguru,nz,-35.72,174.77
basco,ph,20.8,121.95
tarudant,ma,28.88,-8.15
creel,mx,27.14,-107.08
kandrian,pg,-7.68,149.42
karkaralinsk,kz,49.75,75.89
burley,us,41.8,-113.3
qafsah,tn,34.53,9.31
torrington,us,42.05,-73.26
palairos,gr,38.83,20.86
yibin,cn,29.09,104.43
cardston,ca,48.23,-112.97
gizo,sb,-9.77,156.69
huarmey,pe,-17.89,-92.8
santa isabel do rio negro,br,1.8,-65.74
muyezerskiy,ru,64.01,32.54
asahikawa,jp,43.6,142.72
baikunthpur,in,23.74,82.4
mugur-aksy,ru,50.34,89.62
baripada,in,21.86,86.85
leh,in,33.36,78.55
rudsar,ir,37.74,50.54
jeremie,ht,18.19,-74.71
harper,lr,-1.83,-7.55
ruteng,id,-7.95,121.12
yinchuan,cn,37.13,106.28
mtwara,tz,-9.12,40.74
robertsport,lr,6.89,-11.24
kuznechikha,ru,57.14,42.52
burnie,au,-40.14,145.12
lamu,ke,-4.29,43.33
marsh harbour,bs,26.86,-77.51
bellingham,us,48.74,-122.43
taoudenni,ml,24.36,-4.64
henderson,us,36.41,-78.34
sorvag,fo,63.66,-10.23
dalvik,is,69.08,-18.59
mascali,it,37.8,15.19
koslan,ru,65.81,49.63
saiha,in,21.44,93.47
kieta,pg,-5.0,155.89
miandrivazo,mg,-19.33,45.24
poya,nc,-26.44,161.32
inderborskiy,kz,48.0,50.96
san isidro,ph,11.0,124.41
garden city,us,38.85,-101.07
palana,ru,60.23,159.17
bud,no,68.92,4.32
illapel,cl,-31.16,-71.17
shenjiamen,cn,30.04,123.9
kuryk,kz,42.07,50.84
pemangkat,id,1.58,108.74
verkhoyansk,ru,65.85,133.25
doka,sd,14.13,35.13
guane,cu,20.51,-84.91
vila do maio,cv,12.33,-20.73
panaba,mx,25.67,-87.61
verkhnevilyuysk,ru,66.2,119.8
dwarka,in,21.59,67.77
jawhar,so,2.54,47.42
rab,hr,44.28,14.45
mahanoro,mg,-19.93,49.85
belaya gora,ru,67.95,147.98
majene,id,-3.56,117.85
pasighat,in,33.88,96.28
sol-iletsk,ru,50.11,55.18
san luis,ar,-33.69,-66.6
tonantins,br,-2.88,-66.97
viligili,mv,0.72,76.01
bad kreuznach,de,49.9,7.69
strezhevoy,ru,61.62,79.1
manggar,id,-2.31,108.36
kununurra,au,-15.34,128.34
yenagoa,ng,1.79,4.95
santa vitoria,br,-19.13,-50.63
sakakah,sa,31.57,40.38
idenao,cm,4.3,8.78
saint-louis,sn,17.84,-19.54
aksu,cn,41.87,80.83
andros town,bs,24.52,-77.39
alvarado,mx,18.77,-95.67
kosh-agach,ru,49.1,89.55
suluq,ly,31.62,20.58
ulladulla,au,-39.08,157.92
san rafael del sur,ni,10.28,-88.39
tecoanapa,mx,11.43,-100.56
cabedelo,br,-5.49,-25.03
wschowa,pl,51.81,16.18
storsteinnes,no,68.73,19.76
rong kwang,th,18.19,100.31
horodok,ua,49.16,26.6
lakes entrance,au,-38.65,147.75
monroe,us,47.78,-121.72
carmen,mx,19.57,-92.39
maposeni,tz,-10.49,35.11
tezu,in,28.79,97.26
kuliyapitiya,lk,7.8,80.16
arona,es,24.94,-17.92
hoquiam,us,47.55,-124.15
la palma,pa,5.92,-80.48
conakry,gn,8.48,-16.09
varva,ua,50.42,32.68
isiro,cd,3.71,27.83
antalaha,mg,-14.32,55.78
pocoes,br,-14.57,-40.64
hilton head island,us,31.35,-79.6
booue,ga,-0.68,11.89
barra,br,-10.83,-43.86
derzhavinsk,kz,49.02,63.97
erenhot,cn,43.78,114.92
nome,us,73.41,-166.08
linhares,br,-20.2,-37.48
santarem,br,-2.78,-55.43
labuhan,id,-19.99,94.39
sooke,ca,48.28,-124.29
syamzha,ru,60.03,41.28
tessalit,ml,21.51,3.41
peshkopi,al,41.57,20.37
buala,sb,-3.24,159.77
xingcheng,cn,39.85,120.64
liverpool,ca,40.81,-63.34
puerto narino,co,-4.58,-71.78
banepa,np,27.76,86.15
beloha,mg,-33.22,41.04
sangar,ru,65.25,125.54
mitzic,ga,0.58,11.54
kovacica,rs,45.11,20.65
palmerston north,nz,-40.58,175.8
coquimbo,cl,-27.04,-83.16
seoul,kr,34.91,126.19
tucumcari,us,36.29,-103.4
voyinka,ua,45.89,33.74
khormuj,ir,27.38,51.9
wollongong,au,-34.41,150.84
dahra,sn,15.76,-15.6
nishihara,jp,24.71,128.99
palabuhanratu,id,-15.8,100.92
ukiah,us,37.31,-127.3
port-gentil,ga,-0.36,9.03
pahalgam,in,34.26,75.58
sovetskiy,ru,73.55,67.83
la crosse,us,43.14,-91.55
ingham,au,-19.17,144.42
yefira,gr,36.64,23.02
samalaeulu,ws,2.25,-163.52
mitsamiouli,km,-6.51,44.91
arman,ru,57.46,147.32
kyenjojo,ug,0.43,30.98
sioux lookout,ca,52.86,-90.89
seymchan,ru,62.66,153.41
dungarpur,in,21.32,71.67
peniche,pt,40.97,-12.14
jambi,id,-1.46,102.54
barahona,do,16.84,-71.03
tabiauea,ki,-2.78,166.99
honningsvag,no,81.42,25.86
atbasar,kz,50.61,68.18
garowe,so,8.61,47.03
mount kisco,us,41.2,-73.77
rio gallegos,ar,-50.25,-70.99
hobyo,so,2.2,52.11
barpathar,in,26.29,93.96
sergeyevka,kz,54.26,67.03
ardakan,ir,32.32,54.14
maniitsoq,gl,62.11,-56.09
sakaiminato,jp,38.48,132.73
yazykovo,ru,54.2,47.35
manta,ec,0.93,-84.27
salym,ru,59.93,71.41
afmadu,so,-0.2,41.27
nantucket,us,40.29,-69.41
luena,ao,-10.65,18.68
pochinok,ru,54.32,32.96
ajtos,bg,42.83,27.35
loralai,pk,30.67,69.19
senneterre,ca,47.24,-76.91
grodzisk wielkopolski,pl,52.19,16.29
kamenskoye,ru,64.16,162.64
wasilla,us,64.13,-151.26
huanuco,pe,-9.52,-76.33
ambovombe,mg,-26.45,46.12
stamsund,no,69.36,13.88
bahia honda,cu,24.34,-83.74
bowmore,gb,55.62,-6.57
ercis,tr,38.94,43.61
sim,ru,54.63,57.79
astara,ir,38.24,49.2
otradnoye,ru,45.56,145.23
peski,ru,51.45,42.39
ajdabiya,ly,30.61,21.03
starobachaty,ru,54.27,86.26
libas,ph,6.49,124.75
sheridan,us,44.58,-106.31
saint-etienne,fr,45.44,4.41
fort myers beach,us,26.33,-82.08
straumen,no,66.82,16.73
viedma,ar,-41.15,-63.15
chagda,ru,58.74,128.84
along,in,31.02,94.42
almaznyy,ru,64.19,114.79
lodwar,ke,3.26,36.58
cabras,it,39.8,8.26
yangambi,cd,0.28,24.09
venice,us,25.93,-84.39
raudeberg,no,65.45,2.39
kijang,id,2.51,106.33
batagay-alyta,ru,69.05,129.11
middle island,kn,15.67,-64.31
awash,et,9.02,40.17
cam ranh,vn,11.58,111.38
oistins,bb,11.31,-54.51
mudgal,in,15.96,76.4
dagua,co,3.72,-76.81
asfi,ma,33.23,-9.32
luzhou,cn,28.96,105.47
bundaberg,au,-25.27,151.9
chernyshevskiy,ru,63.54,110.26
kokstad,za,-30.1,28.94
sesvete,hr,45.95,16.14
puerto madero,mx,13.41,-93.85
uyuni,bo,-20.85,-68.06
dongsheng,cn,39.66,109.28
hays,us,39.55,-98.84
barawe,so,-0.45,44.55
abnub,eg,25.72,27.06
sivas,tr,39.54,37.13
gboko,ng,7.13,8.79
wronki,pl,52.66,16.31
hvammstangi,is,66.0,-20.91
tres lagoas,br,-20.76,-52.68
anloga,gh,4.0,2.28
qostanay,kz,52.77,63.29
presidencia roque saenz pena,ar,-27.59,-60.36
amapa,br,2.55,-48.97
vicosa do ceara,br,-3.65,-41.08
zaliztsi,ua,49.91,25.5
coahuayana,mx,1.26,-111.94
yanacancha,pe,-10.53,-76.68
tomatlan,mx,19.38,-105.42
mporokoso,zm,-9.52,30.39
chara,ru,57.93,118.24
palmer,us,61.83,-145.6
walvis bay,na,-25.66,3.38
turukhansk,ru,64.22,90.92
vermilion,us,41.41,-82.43
solok,id,-0.79,100.5
safford,us,32.36,-109.55
sao miguel do araguaia,br,-12.99,-51.71
sisimiut,gl,63.6,-58.89
polewali,id,-3.45,119.51
gumdag,tm,38.33,53.36
alekseyevsk,ru,59.54,109.49
ouadda,cf,8.76,22.32
manicore,br,-6.74,-61.19
novoagansk,ru,62.55,78.47
conceicao do araguaia,br,-8.69,-48.91
amga,ru,59.92,132.15
san blas,mx,21.2,-105.84
svetlyy,ru,51.12,61.66
zhanjiang,cn,21.2,110.44
aracuai,br,-16.92,-41.86
wajid,so,4.48,43.27
hailar,cn,47.31,118.89
terrasini,it,38.81,12.72
olafsvik,is,59.58,-29.51
igarka,ru,68.14,85.37
bababe,mr,17.04,-13.95
vysokaya gora,ru,55.76,49.37
marcona,pe,-23.18,-84.89
miami,us,36.89,-95.26
wakkanai,jp,44.85,140.04
kirkuk,iq,35.5,44.45
saint-fabien,ca,48.3,-69.02
masakin,tn,35.53,10.44
itarema,br,4.34,-38.88
ponta pora,br,-22.14,-55.66
siocon,ph,7.96,121.45
puerto ayacucho,ve,5.28,-68.68
sulangan,ph,10.86,126.04
pankrushikha,ru,53.79,80.33
zhengjiatun,cn,43.91,123.79
amboasary,mg,-24.17,46.43
maldonado,uy,-39.13,-52.56
karauzyak,uz,43.37,60.98
saint-georges,gf,8.08,-44.37
nyurba,ru,64.57,118.93
thinadhoo,mv,0.18,69.71
berbera,so,10.42,44.79
nanlong,cn,31.67,106.68
youkounkoun,gn,12.71,-13.18
fare,pf,-13.35,-148.63
murchison,nz,-41.88,172.75
zyryanka,ru,64.66,149.59
opuwo,na,-18.75,12.08
yakeshi,cn,47.48,120.58
tarakan,id,2.25,117.64
placido de castro,br,-11.27,-67.57
puerto baquerizo moreno,ec,2.96,-87.98
west wendover,us,39.92,-113.66
hovd,mn,45.5,100.21
geresk,af,30.97,64.67
alugan,ph,13.3,126.61
cleveland,us,33.72,-90.74
labutta,mm,15.66,93.81
tazovskiy,ru,68.31,77.03
mahon,es,39.96,4.22
preobrazheniye,ru,40.05,134.38
otane,nz,-40.55,177.18
belogorsk,ru,55.24,88.29
mut,tr,36.79,33.45
puerto el triunfo,sv,11.76,-88.58
bratsk,ru,56.28,101.96
shubarkuduk,kz,48.89,54.99
jiancheng,cn,30.4,104.67
kupang,id,-12.12,122.04
dongzhen,cn,22.59,111.36
slonim,by,52.9,25.82
nizhneudinsk,ru,53.93,98.08
zhangye,cn,39.14,100.88
hopelchen,mx,19.97,-89.71
tasbuget,kz,43.6,65.32
sibu,my,3.71,111.63
tomigusuku,jp,26.44,127.23
anzhero-sudzhensk,ru,56.27,85.85
buritis,br,-15.46,-46.68
mangan,in,27.52,88.62
sao domingos,br,-13.27,-46.45
suntar,ru,61.53,117.0
gallup,us,35.75,-109.76
asnaes,dk,56.07,11.4
kastamonu,tr,42.61,33.53
santiago del estero,ar,-27.59,-64.47
mocambique,mz,-15.41,42.16
pontypridd,gb,51.61,-3.39
santa maria,cv,18.02,-21.11
shitanjing,cn,39.43,104.2
wulanhaote,cn,46.99,120.28
havre-saint-pierre,ca,49.19,-62.77
cagayan de tawi-tawi,ph,8.16,119.55
belmonte,br,-17.08,-34.23
yerbogachen,ru,64.55,107.63
felidhoo,mv,3.52,73.47
semnan,ir,35.25,53.22
charters towers,au,-19.81,144.91
deputatskiy,ru,71.52,139.55
imbituba,br,-28.83,-43.58
liku,wf,-13.26,-175.86
wenling,cn,28.29,121.96
sirur,in,18.76,74.46
antofagasta,cl,-22.93,-78.09
maues,br,-4.62,-57.91
miyako,jp,39.73,144.76
ozerne,ua,50.16,28.64
tyazhinskiy,ru,56.03,88.43
vanderhoof,ca,53.55,-124.29
jak,hu,47.19,16.51
harindanga,in,19.82,89.23
hurghada,eg,28.03,33.11
bien hoa,vn,10.81,107.11
snyder,us,32.52,-100.85
yaval,in,21.16,75.73
lovozero,ru,67.27,35.22
nuevo progreso,mx,24.19,-96.04
cam pha,vn,20.92,107.43
mocuba,mz,-18.42,39.23
sorland,no,72.27,6.37
bambanglipuro,id,-14.6,107.99
novopavlovsk,ru,44.03,43.8
manati,cu,21.82,-76.71
pathein,mm,17.25,93.75
dalby,au,-27.24,151.02
grand-santi,gf,2.24,-55.06
changde,cn,28.56,111.76
myitkyina,mm,25.53,96.63
saint-joseph,re,-24.06,55.54
matay,eg,28.03,31.49
la romana,do,17.6,-68.41
sao felix do xingu,br,-6.42,-50.8
mmathubudukwane,bw,-24.87,26.85
gerede,tr,40.49,32.53
hunza,pk,36.73,76.0
udayagiri,in,20.06,83.83
bollnas,se,62.14,15.83
drumheller,ca,51.85,-112.69
bhubaneswar,in,20.28,85.74
axim,gh,0.77,-3.6
lipari,it,39.04,15.01
sinkat,sd,20.68,34.85
nicoya,cr,6.78,-88.04
sebastian,us,28.38,-79.17
dhidhdhoo,mv,8.35,71.11
dergachi,ua,50.12,36.08
caraquet,ca,47.59,-64.41
iralaya,hn,16.46,-82.03
eagle pass,us,28.8,-100.38
mwene-ditu,cd,-7.88,22.76
shache,cn,38.31,77.22
lahij,ye,13.61,44.87
berezovyy,ru,51.51,135.35
kurilsk,ru,43.19,147.73
cognac,fr,45.91,-0.42
narwar,in,25.5,77.69
clifton,us,39.32,-108.02
ayagoz,kz,48.65,80.37
pitea,se,65.51,21.24
makushino,ru,55.32,67.19
beni suef,eg,28.8,31.85
menongue,ao,-14.74,16.64
bure,et,10.43,36.62
levanger,no,63.73,11.34
udachnyy,ru,66.88,114.07
lakhimpur,in,27.37,94.13
barcelona,ph,8.95,129.37
makrikhorion,gr,39.82,22.45
visavadar,in,21.12,70.63
numan,ng,9.48,11.93
abakaliki,ng,6.22,7.79
evensk,ru,61.27,160.04
bani walid,ly,30.51,14.05
tekirdag,tr,40.77,27.33
vetluga,ru,57.94,45.56
kamenka,ru,66.53,44.17
loiza,us,22.93,-65.27
gold coast,au,-27.08,157.59
horki,by,54.57,31.11
sao jose da coroa grande,br,-11.45,-27.98
barcelos,br,-1.85,-62.22
lubumbashi,cd,-11.48,27.78
kitimat,ca,52.2,-129.02
nipawin,ca,53.92,-103.61
san jose,bo,-17.44,-60.99
litoral del san juan,co,4.08,-77.33
kondinskoye,ru,60.24,67.5
concordia,br,-27.14,-52.09
aksarka,ru,71.52,68.41
mandal,in,25.36,74.47
azul,ar,-36.39,-60.13
quatre cocos,mu,-18.44,66.94
chumikan,ru,55.53,134.77
beira,mz,-20.35,37.22
wewak,pg,-2.3,144.11
zhezkazgan,kz,48.45,65.61
rio brilhante,br,-21.72,-54.59
gaoua,bf,10.21,-3.0
kenora,ca,50.01,-94.15
neuquen,ar,-38.8,-68.7
rovaniemi,fi,66.2,25.9
batticaloa,lk,9.4,86.33
aliwal north,za,-30.23,26.23
saint-francois,gp,16.67,-59.97
daru,pg,-12.9,142.51
sacramento,br,-19.64,-47.51
urucui,br,-6.86,-44.84
tharad,in,24.44,71.72
mentok,id,-2.01,105.13
oia,gr,36.49,25.25
lukiv,ua,51.04,25.38
khandyga,ru,64.69,135.04
mujiayingzi,cn,44.67,116.55
hanford,us,36.42,-119.72
gamba,ga,-2.42,9.5
copiapo,cl,-27.2,-70.08
imeni poliny osipenko,ru,52.97,135.65
bartica,gy,5.77,-59.12
santiago,pe,-16.02,-77.73
talgar,kz,42.97,77.29
dutlwe,bw,-22.9,23.72
george,za,-37.86,22.15
coronel fabriciano,br,-19.26,-42.92
mpongwe,zm,-13.73,27.68
montepuez,mz,-13.83,38.13
salinas,ec,-2.93,-82.31
bandar-e lengeh,ir,26.41,53.51
atambua,id,-8.02,125.22
tsabong,bw,-25.75,22.95
banyuwangi,id,-8.0,114.47
cody,us,44.76,-109.47
dabakala,ci,7.8,-3.96
yining,cn,43.31,81.92
micco,us,28.05,-80.12
zheleznodorozhnyy,ru,62.4,50.95
anacortes,us,48.6,-122.52
eldikan,ru,61.35,134.81
fort-shevchenko,kz,45.27,50.23
jacksonville,us,39.44,-90.24
darfield,nz,-43.35,171.83
wa,gh,10.35,-2.59
kamaishi,jp,36.73,145.43
dong hoi,vn,18.8,107.75
methoni,gr,35.91,21.29
portel,br,-2.04,-50.72
lannion,fr,49.37,-3.63
davenda,ru,53.86,119.36
barysh,ru,53.42,47.16
rizhao,cn,35.61,119.5
pangkalanbuun,id,-4.48,111.65
beidao,cn,34.12,105.33
nelson bay,au,-33.97,154.53
esso,ru,56.74,158.13
crab hill,bb,14.14,-58.97
soldatskaya,ru,43.89,43.88
camana,pe,-21.55,-76.94
naron,es,46.53,-8.86
kings mountain,us,35.08,-81.29
acajutla,sv,10.52,-90.91
mareeba,au,-16.36,141.1
anchorage,us,60.16,-149.72
priyutnoye,ru,45.93,43.56
banjar,id,-10.71,106.74
eureka,us,41.56,-128.3
mbini,gq,1.47,8.39
tigil,ru,58.74,157.81
great malvern,gb,52.06,-2.42
gomel,by,52.56,31.14
nekhayevskiy,ru,50.48,41.66
jacmel,ht,16.43,-72.67
santa cruz de tenerife,es,30.27,-15.71
conde,br,-14.0,-34.08
kurtamysh,ru,55.09,64.67
formosa,ar,-25.55,-59.15
oruro,bo,-17.84,-67.37
talara,pe,-4.21,-84.93
cartagena del chaira,co,0.74,-74.36
digby,ca,44.66,-66.03
listvyanskiy,ru,54.26,83.88
bjornevatn,no,68.72,28.13
baoying,cn,33.51,119.38
abu dhabi,ae,24.55,53.72
ulaangom,mn,50.16,91.86
los alamos,us,36.34,-106.65
celestun,mx,21.91,-92.58
catamarca,ar,-27.18,-67.43
kulaman,ph,6.27,123.77
ewa beach,us,18.43,-158.63
masuda,jp,34.65,131.92
danilovka,ru,50.56,43.86
mbuji-mayi,cd,-5.8,23.69
puerto escondido,mx,14.67,-97.3
maneadero,mx,31.23,-117.24
tieling,cn,42.36,123.93
qasigiannguit,gl,67.71,-51.7
shibetsu,jp,43.67,144.87
maketu,nz,-37.05,176.78
seredka,ru,58.36,28.58
leshukonskoye,ru,64.36,46.12
ouesso,cg,0.68,15.36
filingue,ne,14.08,3.49
kikwit,cd,-5.18,18.29
borba,br,-4.85,-59.46
karpogory,ru,63.83,45.05
saryg-sep,ru,51.98,95.71
red bluff,us,40.44,-121.69
aguie,ne,13.23,8.02
dedza,mw,-14.52,34.12
dembi dolo,et,9.09,34.51
tabialan,ph,4.27,123.05
tampere,fi,61.91,23.93
resistencia,ar,-27.43,-58.97
goycay,az,40.81,48.02
santa rosalia,mx,27.08,-112.24
callaway,us,28.97,-85.46
chifeng,cn,44.79,119.3
barra do garcas,br,-13.57,-53.53
jieshi,cn,21.28,115.72
ruatoria,nz,-37.29,179.67
verkhnetulomskiy,ru,68.21,31.58
juegang,cn,33.43,121.88
palaikastron,gr,34.8,26.83
danville,us,37.36,-84.84
mbandaka,cd,-0.68,17.54
solnechnyy,ru,59.65,139.46
kulhudhuffushi,mv,6.7,70.4
that phanom,th,16.85,105.26
sainte-maxime,fr,42.85,6.63
san policarpo,ph,14.98,131.62
banff,ca,51.55,-115.68
mikkeli,fi,62.06,26.8
buzmeyin,tm,38.73,58.41
albina,sr,5.65,-54.03
hammerfest,no,73.01,22.99
lhokseumawe,id,4.63,97.39
komsomolets,kz,53.45,62.61
kapoeta,sd,4.15,33.46
mangai,cd,-3.05,19.24
high level,ca,59.06,-116.95
rokytne,ua,51.69,27.23
jabiru,au,-11.01,132.28
benito juarez,mx,29.67,-108.33
sao raimundo nonato,br,-9.56,-42.71
tual,id,-6.1,134.25
kyra,ru,48.25,111.74
kafanchan,ng,9.4,8.37
kolimvari,gr,36.22,23.58
alakurtti,ru,67.28,29.75
port-cartier,ca,53.65,-69.58
shahr-e babak,ir,29.97,54.54
neiafu,to,-17.33,-174.12
gangakher,in,19.03,76.68
mirnyy,ru,61.77,44.4
aketi,cd,2.07,24.05
artyk,ru,62.51,144.09
ransang,ph,10.74,115.87
andselv,no,69.14,18.32
maryville,us,40.52,-94.25
nongan,cn,44.23,124.88
peterhead,gb,57.78,0.58
pringsewu,id,-6.84,104.14
wahran,dz,35.39,-0.78
mineros,bo,-17.0,-63.59
el alto,pe,-3.86,-81.53
naberera,tz,-4.43,36.6
pietroasa,ro,45.89,22.39
sahaspur,in,29.09,78.57
darhan,mn,48.02,108.97
naugachhia,in,25.58,87.09
shwebo,mm,22.69,96.12
kourou,gf,4.78,-53.07
kaseda,jp,29.84,130.14
bacolod,ph,9.29,129.18
suoyarvi,ru,62.5,32.09
pierre,us,44.97,-101.49
yuanping,cn,39.03,111.76
springdale,us,36.08,-93.85
kemin,kg,43.54,75.86
navahrudak,by,53.73,25.58
ishigaki,jp,25.73,123.54
aasiaat,gl,69.72,-53.87
juruti,br,-2.42,-55.86
pangai,to,-20.0,-172.14
bayangol,ru,50.52,104.15
muisne,ec,2.33,-82.13
stoyba,ru,55.25,130.67
motzorongo,mx,18.67,-96.76
karasjok,no,68.85,25.2
termoli,it,41.93,14.85
ende,id,-9.35,122.02
tucurui,br,-4.37,-49.6
fort saint john,ca,57.13,-121.37
agua verde,mx,22.09,-106.8
ndele,cf,9.52,21.49
kommunar,ru,54.35,89.42
biarritz,fr,44.04,-1.92
paracuru,br,2.5,-35.36
tondano,id,0.82,124.99
sokolo,ml,16.22,-5.78
nola,cf,3.65,16.09
shankargarh,in,25.14,81.86
kidal,ml,18.4,2.86
kiama,au,-35.97,153.67
fruitville,us,27.46,-82.05
skelleftea,se,65.69,18.93
benghazi,ly,31.65,18.85
meridian,us,32.31,-89.08
kailua,us,35.49,-151.6
gaozhou,cn,21.8,110.79
araouane,ml,18.0,-4.62
varzea paulista,br,-23.2,-46.84
shuyskoye,ru,59.12,41.27
high prairie,ca,54.9,-116.24
sandpoint,us,48.02,-116.28
sorong,id,-0.34,131.78
esfarayen,ir,36.9,57.01
naftah,tn,34.41,6.89
martapura,id,-4.25,116.6
adana,tr,36.46,35.31
agdas,az,40.79,47.31
la asuncion,ve,11.77,-64.92
shakawe,bw,-19.36,20.78
susangerd,ir,31.59,47.59
bochnia,pl,49.87,20.46
olimpia,br,-20.83,-48.99
oranjestad,aw,15.1,-69.6
yarkovo,ru,54.76,82.52
qingdao,cn,35.74,121.04
chimore,bo,-16.71,-65.64
fecamp,fr,49.78,0.38
aktash,ru,49.31,87.58
araure,ve,9.73,-69.23
harnai,pk,29.93,67.72
skvyra,ua,49.84,29.57
nuevo ideal,mx,24.93,-105.16
tukrah,ly,34.01,20.72
cholet,fr,47.09,-0.79
neyshabur,ir,36.66,58.76
moberly,us,39.52,-92.18
jalingo,ng,9.02,11.15
pithiviers,fr,48.28,2.42
limoux,fr,42.94,2.0
gwadar,pk,25.72,62.39
humberto de campos,br,-1.2,-43.48
opobo,ng,3.78,7.08
aykhal,ru,69.01,107.6
apomu,ng,7.09,4.17
agua branca,br,-5.85,-42.45
yusva,ru,58.91,55.3
alappuzha,in,9.37,75.94
muhos,fi,65.55,26.85
huai yot,th,7.98,99.54
kitale,ke,0.94,34.82
thiruvananthapuram,in,7.78,76.13
manicaragua,cu,22.13,-80.08
gap,fr,44.71,6.1
prabumulih,id,-3.7,104.23
berovo,mk,41.68,22.74
galesong,id,-5.48,119.5
karabulak,kz,45.06,78.35
mpraeso,gh,6.8,-0.51
pali,in,23.14,80.83
huntingdon,ca,44.74,-74.34
teya,ru,61.39,89.09
ogbomosho,ng,8.11,4.2
nospelt,lu,49.69,6.02
shelburne,ca,42.32,-65.34
miranda,br,-19.64,-56.85
khani,ru,57.81,120.8
papayal,pe,-3.71,-81.06
svetlogorsk,ru,67.73,88.48
abilene,us,31.83,-99.86
russell,nz,-27.32,178.94
alabat,ph,14.09,121.95
dawei,mm,14.76,98.55
saumur,fr,47.16,0.18
trapani,it,38.9,11.96
ushtobe,kz,47.14,77.2
ferrol,es,44.67,-9.0
tucuman,ar,-25.81,-64.67
persianovskiy,ru,47.62,39.5
skovorodino,ru,53.3,123.53
rampur,in,31.55,77.65
macaboboni,ph,16.88,116.42
santa lucia,es,25.34,-16.07
cordoba,ar,-30.97,-63.65
muravlenko,ru,63.9,71.71
nyagan,ru,62.26,65.49
tabuk,sa,29.22,36.93
bondoukou,ci,8.51,-3.02
hornepayne,ca,49.55,-85.2
yokadouma,cm,3.46,14.91
mishkino,ru,55.12,63.94
maridi,sd,4.06,29.6
amuntai,id,-1.14,115.02
morgan city,us,28.02,-91.97
san lorenzo,ar,-28.51,-58.23
linxia,cn,35.27,103.37
shymkent,kz,42.03,69.36
san vicente,cl,-34.16,-71.14
dalnegorsk,ru,45.09,135.72
dahanu,in,19.95,72.72
dongying,cn,37.68,118.29
malanje,ao,-8.89,15.92
comodoro rivadavia,ar,-49.84,-62.93
serowe,bw,-22.35,26.96
mwinilunga,zm,-11.8,24.66
kutum,sd,17.05,26.58
xiongyue,cn,40.39,122.31
makinsk,kz,52.8,69.6
eston,ca,50.54,-109.09
agboville,ci,5.99,-4.16
stornoway,gb,58.66,-9.23
changji,cn,43.23,86.64
druskininkai,lt,53.85,24.33
annonay,fr,45.22,4.68
muroto,jp,28.57,135.66
gijon,es,45.27,-5.21
tandalti,sd,13.33,31.66
kropotkin,ru,59.83,116.4
lagos,ng,4.09,3.39
pho chai,th,16.3,103.98
brigantine,us,37.44,-72.44
chunhuhub,mx,19.18,-88.79
tarnow,pl,49.96,20.82
paide,ee,58.9,25.62
ugoofaaru,mv,5.83,69.49
crisan,ro,44.63,29.29
donnacona,ca,46.45,-71.8
troitskoye,ru,49.59,136.56
sao paulo de olivenca,br,-3.83,-68.61
tolmezzo,it,46.45,12.96
tahe,cn,51.3,125.37
tahoua,ne,15.49,4.33
morro bay,us,33.84,-123.72
lampazos de naranjo,mx,26.87,-100.82
calama,cl,-24.51,-68.16
villanueva,mx,22.19,-102.84
makakilo city,us,9.08,-165.45
sao caetano de odivelas,br,-0.7,-48.01
itoman,jp,19.28,130.88
kushmurun,kz,51.71,63.6
yatou,cn,35.69,122.36
joshimath,in,31.11,80.64
toppenish,us,46.47,-120.25
tomakivka,ua,47.9,34.89
waitati,nz,-47.29,173.52
cascais,pt,37.04,-12.81
dzhusaly,kz,43.43,63.17
elk city,us,35.24,-99.85
warrington,us,27.52,-87.77
marystown,ca,44.18,-53.79
mehriz,ir,31.24,54.08
punta de bombon,pe,-17.78,-72.08
tottori,jp,37.71,134.37
archidona,ec,-0.72,-77.42
sosnogorsk,ru,63.23,54.17
tura,ru,63.86,98.71
lodeynoye pole,ru,60.96,33.47
aybak,af,35.56,68.07
saint-michel-des-saints,ca,47.33,-73.85
teberda,ru,43.6,41.87
severomuysk,ru,56.13,113.3
paka,my,5.05,104.02
rawannawi,ki,3.92,177.35
turki,ru,52.14,42.96
itirapina,br,-22.28,-47.73
sfantu gheorghe,ro,44.47,30.03
ambikapur,in,23.36,83.28
mashhad,ir,35.72,59.56
mazagao,br,0.45,-53.0
mataram,id,-8.22,116.37
lakota,ci,5.62,-5.57
ust-maya,ru,59.58,135.1
ambanja,mg,-13.29,48.31
at-bashi,kg,41.4,76.78
aranos,na,-24.66,18.72
san rafael,ar,-36.18,-67.08
mladenovac,rs,44.56,20.77
hirara,jp,21.62,127.04
phuket,th,7.46,98.44
ialibu,pg,-6.24,144.17
mindelo,cv,16.41,-25.65
adwa,et,14.27,39.03
pacifica,us,36.37,-126.77
progreso,mx,25.11,-89.32
briancon,fr,45.05,6.96
nadym,ru,63.94,70.44
virginia beach,us,36.27,-73.35
inta,ru,67.2,59.57
gladstone,au,-22.26,153.57
ndago,tz,-4.63,34.16
ostrov,ru,57.39,28.19
usogorsk,ru,64.2,48.49
tchollire,cm,8.26,14.42
ozgon,kg,40.95,73.79
khandagayty,ru,51.0,91.95
cururupu,br,0.35,-43.05
birjand,ir,32.72,59.44
thakurgaon,bd,26.07,88.7
forest grove,us,45.87,-123.18
genhe,cn,51.78,122.1
ganzhou,cn,26.31,114.26
hopfgarten,at,47.3,12.25
akdagmadeni,tr,39.11,36.33
pao de acucar,br,-9.73,-37.44
vostryakovo,ru,55.39,37.82
la rioja,ar,-29.65,-67.93
soe,id,-11.18,125.24
chincholi,in,17.47,77.36
bama,ng,11.62,14.01
bur gabo,so,-5.38,47.38
bom jesus,br,-8.26,-44.81
southbridge,nz,-44.39,172.5
radhanpur,in,23.59,71.27
chigasaki,jp,35.31,139.39
mostoles,es,40.25,-3.92
hit,iq,32.05,41.22
ordzhonikidze,ua,44.22,35.95
kardymovo,ru,54.85,32.6
togur,ru,58.92,82.26
kazalinsk,kz,47.79,62.25
kannauj,in,26.93,79.89
taikang,cn,46.65,124.14
tubruq,ly,30.73,22.77
rolim de moura,br,-12.62,-61.89
severobaykalsk,ru,55.18,108.66
tutoia,br,0.02,-41.44
bukama,cd,-9.12,27.27
bondo,cd,3.67,23.25
alberton,ca,47.77,-63.23
davila,ph,20.32,119.3
helong,cn,41.11,128.98
rentina,gr,39.05,21.92
ravar,ir,32.24,56.96
gelemso,et,8.39,40.62
bokspits,bw,-26.7,21.3
balaipungut,id,1.19,100.67
sampit,id,-2.26,112.71
nassau,bs,25.1,-77.4
bacuit,ph,11.95,116.52
casa nova,br,-8.55,-41.14
chintamani,in,13.52,78.17
la union,co,1.58,-77.15
nuevitas,cu,22.84,-77.14
severo-yeniseyskiy,ru,62.6,93.14
port keats,au,-14.7,130.7
shostka,ua,51.75,33.49
raton,us,36.83,-103.27
farafangana,mg,-23.94,51.71
elko,us,41.37,-115.31
lar,ir,27.47,55.11
zenzeli,ru,46.22,46.75
wanaka,nz,-43.68,168.43
bandipur,in,34.38,74.93
esmeralda,cu,23.09,-77.6
bandiagara,ml,13.98,-3.02
quepos,cr,8.79,-84.18
liberal,us,36.68,-100.59
vyazemskiy,ru,47.11,135.33
guacui,br,-20.82,-41.84
oshikango,na,-17.42,15.89
kapit,my,0.6,113.37
sobinka,ru,55.95,40.06
aripuana,br,-8.61,-60.33
luganville,vu,-14.37,165.44
florida,cu,21.5,-78.35
lethem,gy,3.77,-60.33
antsla,ee,57.78,26.51
ilinsko-podomskoye,ru,60.78,48.88
ambulu,id,-14.85,112.0
magburaka,sl,8.66,-12.1
kulunda,ru,52.4,78.68
ksenyevka,ru,54.46,118.75
vilyuysk,ru,63.31,122.16
twentynine palms,us,33.76,-115.5
aromashevo,ru,56.63,68.51
ambagarh chauki,in,20.71,80.63
tateyama,jp,26.18,142.46
umm lajj,sa,24.73,38.71
ballitoville,za,-29.57,31.44
sunyani,gh,6.95,-2.55
dubai,ae,24.9,55.52
whittlesea,za,-32.31,26.56
worthington,us,43.66,-95.8
maarianhamina,fi,60.08,19.47
remontnoye,ru,46.3,43.69
bada,ru,51.1,109.64
aitape,pg,-0.1,143.24
chlorakas,cy,35.0,31.06
yishui,cn,35.72,118.55
dauphin,ca,51.62,-99.58
chiang mai,th,18.7,98.72
formoso do araguaia,br,-11.08,-49.39
puro,ph,18.31,118.27
maltahohe,na,-25.45,15.93
mercedes,ar,-29.27,-57.86
kalaleh,ir,38.09,55.06
marihatag,ph,8.74,127.46
nayoro,jp,44.04,142.58
daxian,cn,32.1,107.64
lejanias,co,3.67,-74.02
nsanje,mw,-17.74,34.47
tselinnoye,ru,54.28,63.73
bend,us,42.74,-119.4
chardara,kz,41.64,66.77
ozernovskiy,ru,51.35,156.27
bilecik,tr,40.38,30.23
warqla,dz,29.56,3.0
villarrobledo,es,39.29,-2.53
acarau,br,4.83,-40.47
deer lake,ca,48.95,-57.62
bulgan,mn,47.58,102.3
pedernales,do,15.58,-72.26
chunskiy,ru,56.02,99.73
san nicolas,ph,14.49,119.3
tulum,mx,18.83,-86.67
wajima,jp,38.49,136.14
hong gai,vn,20.92,106.93
idrinskoye,ru,54.63,92.6
liepaja,lv,56.68,20.44
igrim,ru,63.25,63.84
sena madureira,br,-8.29,-68.52
kilindoni,tz,-7.44,42.14
price,us,39.73,-110.43
sabha,ly,28.62,14.35
karamea,nz,-38.21,169.62
mulchen,cl,-37.93,-70.47
manyana,bw,-22.81,21.41
mrirt,ma,30.73,-3.36
union,us,40.7,-74.28
narasannapeta,in,14.8,87.79
romhany,hu,47.87,19.31
chabahar,ir,25.54,58.85
nagato,jp,35.08,131.1
longlac,ca,51.75,-85.51
mosquera,co,4.33,-79.75
manzhouli,cn,47.16,117.84
pocone,br,-16.32,-56.32
pauini,br,-7.85,-67.13
springbok,za,-30.07,18.93
oktyabrskoye,ru,62.77,66.51
harbour breton,ca,48.27,-55.64
napier,nz,-39.07,176.69
basavana bagevadi,in,16.77,76.04
mitu,co,2.43,-70.24
priargunsk,ru,50.62,119.16
alekseyevka,ru,50.56,38.73
nichinan,jp,30.71,132.48
paragominas,br,-3.54,-47.73
goulburn,au,-34.3,149.48
kemijarvi,fi,65.91,26.71
assomada,cv,14.87,-23.82
luchegorsk,ru,46.4,133.84
ust-kuyga,ru,70.1,136.99
bayburt,tr,39.74,40.42
zaysan,kz,47.09,85.54
wazirganj,in,28.18,79.04
mazurivka,ua,48.53,28.11
ihosy,mg,-22.3,45.58
huntley,us,42.19,-88.6
grafton,au,-29.84,153.36
naya bazar,in,27.12,88.31
ca mau,vn,8.54,103.77
cadillac,us,44.49,-85.46
show low,us,34.48,-109.65
san juan,us,20.81,-66.18
clonakilty,ie,51.15,-8.82
tynda,ru,54.82,124.02
japura,br,-1.79,-68.86
binzhou,cn,45.86,127.41
karpathos,gr,33.85,27.71
hlobyne,ua,49.39,33.51
korsor,dk,55.34,11.02
paysandu,uy,-32.05,-57.83
luvianos,mx,19.03,-100.36
lukow,pl,51.99,22.2
kasongo-lunda,cd,-7.83,17.53
barajevo,rs,44.59,20.43
karaul,ru,71.21,84.11
belyy yar,ru,57.97,85.4
castelnaudary,fr,43.07,1.91
ignacio zaragoza,mx,28.09,-107.23
pombas,cv,17.66,-24.55
nyrob,ru,61.73,57.07
waddan,ly,29.76,18.0
yatsushiro,jp,32.55,130.47
saint-leu,re,-21.36,53.63
paros,gr,36.84,25.0
yamada,jp,39.13,145.34
zharkent,kz,44.19,80.37
chake chake,tz,-6.33,42.61
curvelo,br,-18.97,-44.73
maniwaki,ca,46.27,-76.52
cangzhou,cn,37.97,117.51
solovetskiy,ru,64.03,36.06
thanh hoa,vn,19.26,105.58
fevralsk,ru,53.31,129.62
mogilno,pl,52.67,18.13
assiniboia,ca,48.73,-106.29
oussouye,sn,12.23,-17.68
plaster rock,ca,46.99,-67.28
kamwenge,ug,0.13,30.28
popondetta,pg,-8.11,149.08
strelka,ru,58.58,93.3
miracema do tocantins,br,-9.67,-47.68
vesyegonsk,ru,58.62,37.36
gusevskiy,ru,55.56,40.52
tel mond,il,32.25,34.96
iskateley,ru,66.67,54.3
tawzar,tn,33.45,8.17
esna,eg,24.64,31.53
omboue,ga,-6.63,1.0
pontianak,id,-0.39,109.53
pundaguitan,ph,4.36,129.9
blagoyevo,ru,62.95,47.28
atakpame,tg,7.92,1.14
carnot,cf,5.0,15.94
cairns,au,-14.9,145.89
bontang,id,0.81,115.77
oktyabrskiy,ru,49.59,118.6
pastavy,by,54.71,27.08
iracoubo,gf,12.81,-50.86
agucadoura,pt,41.45,-9.08
sohag,eg,24.55,29.75
mago,ru,52.68,139.62
utica,us,43.07,-75.22
marsa matruh,eg,30.89,26.41
galgani,sd,11.61,34.2
kuna,us,42.68,-116.6
peace river,ca,57.17,-116.58
pleasanton,us,29.03,-98.77
marawi,sd,18.73,31.16
mahibadhoo,mv,4.18,68.27
marijampole,lt,54.61,23.35
ostersund,se,64.28,15.92
kushiro,jp,40.05,145.18
ramos arizpe,mx,25.83,-100.98
coihueco,cl,-36.5,-71.75
prado,br,-17.5,-38.53
anzio,it,39.98,11.51
san francisco del mar,mx,15.73,-94.48
garachine,pa,8.2,-78.24
serenje,zm,-12.6,30.31
bossier city,us,32.48,-93.73
karonga,mw,-9.89,34.21
mount darwin,zw,-16.81,32.05
visby,se,57.79,18.66
anuradhapura,lk,8.22,80.16
okha,ru,55.99,141.92
saquena,pe,-4.82,-72.49
srandakan,id,-17.16,106.81
holme,no,59.33,2.82
platonovka,ru,52.84,42.14
jalaun,in,26.05,79.26
otatitlan,mx,18.12,-96.02
batemans bay,au,-37.37,151.14
wuxue,cn,29.9,115.62
ornskoldsvik,se,65.27,18.85
kracheh,kh,12.08,106.14
launceston,au,-41.89,147.91
cuajinicuilapa,mx,16.56,-98.37
camalu,mx,30.76,-116.8
dinghai,cn,30.23,122.33
vari,gr,37.3,24.78
ust-barguzin,ru,53.94,109.17
tazmalt,dz,35.85,4.86
manaus,br,-0.42,-60.24
zhob,pk,30.9,69.26
kysyl-syr,ru,62.77,123.53
olbia,it,41.22,10.02
hengyang,cn,27.25,112.32
sinjah,sd,13.11,34.03
tarbes,fr,43.64,0.02
kindu,cd,-1.85,26.96
nanae,jp,42.05,140.67
urazovo,ru,50.01,38.23
verkhnyaya inta,ru,64.73,60.37
bozeman,us,45.41,-110.86
starotimoshkino,ru,53.72,47.54
mudkhed,in,19.39,77.41
warrnambool,au,-40.52,142.7
akdepe,tm,40.71,57.82
irtyshskiy,ru,58.35,68.27
jinchang,cn,38.71,102.7
aktau,kz,43.98,51.18
alibag,in,18.09,70.45
bissau,gw,11.97,-15.65
el wasta,eg,29.49,31.15
markova,ru,58.23,107.12
cheyenne,us,41.37,-104.29
rungata,ki,-0.54,179.23
gao,ml,17.15,0.23
porosozero,ru,62.39,32.83
zhangzhou,cn,24.45,117.63
farafenni,gm,13.62,-15.7
garzon,co,2.04,-75.44
mogzon,ru,51.55,111.74
bielsk podlaski,pl,52.77,22.97
farah,af,32.09,61.58
talawdi,sd,11.11,30.43
yugorsk,ru,61.47,63.29
kallaste,ee,58.81,27.28
general cepeda,mx,25.7,-101.73
mudigere,in,13.33,75.55
gbarnga,lr,6.85,-9.91
livingston,us,46.24,-110.06
boda,cf,3.73,17.07
tadine,nc,-21.0,168.52
ouahigouya,bf,14.15,-2.75
nuuk,gl,60.32,-54.5
negara,id,-8.63,114.81
tananger,no,58.79,5.23
jaguaribe,br,-5.56,-38.46
pallisa,ug,1.1,33.77
oksfjord,no,71.33,21.57
ezerelis,lt,54.8,23.61
sikonge,tz,-6.4,32.89
kallithea,gr,41.29,24.72
beitbridge,zw,-22.03,30.81
begoro,gh,6.39,-0.38
sistranda,no,66.63,8.43
mazamari,pe,-11.73,-74.5
silifke,tr,36.65,33.96
cazaje,ao,-10.52,20.95
kiunga,pg,-5.75,140.22
hudson bay,ca,52.73,-102.28
ewo,cg,-1.32,15.31
bara,sd,14.41,30.09
honavar,in,13.88,73.34
pedana,in,16.3,81.31
motygino,ru,57.74,94.34
beian,cn,48.68,127.3
luau,ao,-9.07,22.76
pozhva,ru,59.26,56.38
qui nhon,vn,14.75,112.08
bodden town,ky,17.55,-81.38
bireun,id,4.84,96.66
sao joao do paraiso,br,-15.49,-42.24
chenzhou,cn,25.89,112.4
awjilah,ly,27.57,20.11
lyubeshiv,ua,51.38,25.79
bousso,td,11.05,16.32
manzanillo,mx,15.93,-105.63
holysov,cz,49.58,13.12
malakal,sd,9.24,31.78
udala,in,21.79,86.48
santa rosa,ar,-35.83,-65.97
sete,fr,43.57,3.51
salvador,br,-13.1,-38.44
elban,ru,49.78,136.35
beyneu,kz,44.57,57.12
rock sound,bs,25.93,-74.71
sidi ali,dz,35.58,0.15
canavieiras,br,-15.5,-38.76
mapimi,mx,26.15,-103.9
pochinki,ru,54.85,45.17
bogatyye saby,ru,55.91,50.63
senanga,zm,-16.65,23.83
boa vista,br,1.3,-60.45
puri,in,16.87,87.95
kawalu,id,-17.81,105.53
les cayes,ht,15.12,-73.51
acari,pe,-18.47,-76.06
tromso,no,73.6,17.79
zolotinka,ru,55.83,123.78
san lawrenz,mt,35.54,13.59
rabo de peixe,pt,39.43,-24.66
nidzica,pl,53.33,20.54
nago,jp,28.94,125.9
katete,zm,-14.35,31.93
marrakesh,ma,30.69,-6.84
pinheiro,br,-2.75,-45.25
cooma,au,-37.17,150.01
moron,mn,50.73,100.65
cadiz,es,36.4,-6.31
puerto carreno,co,7.06,-65.58
lat yao,th,15.6,99.14
dubrovnik,hr,42.01,18.23
batagay,ru,66.56,137.27
kalabo,zm,-14.74,20.21
kalulushi,zm,-13.17,27.48
elizabethtown,us,37.68,-85.68
nanzhang,cn,31.75,111.79
pajapan,mx,19.32,-94.48
ilo,pe,-20.05,-73.78
enshi,cn,31.04,109.76
dawson creek,ca,56.16,-120.14
yelizovo,ru,52.94,157.68
nueva helvecia,uy,-33.82,-57.41
puerto colombia,co,11.01,-74.94
pemba,mz,-12.41,41.55
karmana,uz,40.68,64.76
xifeng,cn,42.91,124.97
amazar,ru,54.86,121.28
ngukurr,au,-14.35,134.07
mpika,zm,-12.27,31.89
ahuimanu,us,36.96,-151.27
phan rang,vn,10.29,110.21
uvalde,us,28.8,-99.48
iberia,pe,-11.6,-69.33
ayios matthaios,gr,39.12,19.53
galle,lk,4.8,77.45
lengshuitan,cn,26.36,111.32
dhemaji,in,27.66,94.56
trat,th,11.56,102.58
rio verde de mato grosso,br,-18.8,-54.52
rey bouba,cm,8.55,14.55
lujan,ar,-33.27,-69.67
devecser,hu,47.19,17.4
gazanjyk,tm,40.79,55.94
bentong,my,3.62,102.04
edd,er,13.52,41.7
yanchukan,ru,56.84,113.11
kargopol,ru,61.03,39.4
tangier,ma,35.89,-6.01
alyangula,au,-14.72,136.26
zaozhuang,cn,34.77,117.61
pueblo,us,37.71,-104.71
abashiri,jp,43.81,144.6
ouallam,ne,14.09,2.46
rafai,cf,5.58,24.39
mendahara,id,-0.03,103.68
palora,ec,-1.98,-75.99
grand-lahou,ci,3.1,-4.55
rio cuarto,ar,-34.3,-63.77
jian,cn,26.99,114.4
zhongshu,cn,24.1,104.13
oshawa,ca,43.62,-78.88
karakendzha,tj,38.56,72.5
onega,ru,64.14,37.82
ferkessedougou,ci,9.82,-4.79
lima,pe,-19.49,-89.9
tyukalinsk,ru,56.08,72.78
whitehorse,ca,61.95,-134.46
toda bhim,in,26.9,76.77
slave lake,ca,57.91,-114.25
chiang khong,th,19.95,100.56
turinsk,ru,58.1,63.97
gorkovskoye,ru,55.71,74.43
sigli,id,5.31,95.95
smolenka,ru,52.63,113.59
lander,us,42.59,-108.6
deniliquin,au,-35.66,144.35
tabarqah,tn,36.82,8.8
karasuk,ru,53.93,78.57
bilibino,ru,72.34,166.82
mtambile,tz,-5.91,40.7
pouembout,nc,-24.68,161.82
feijo,br,-7.97,-70.1
ekpoma,ng,6.53,6.18
tsienyane,bw,-21.88,23.89
mayor pablo lagerenza,py,-18.91,-61.84
tacuarembo,uy,-31.65,-56.18
estevan,ca,49.31,-103.31
asekeyevo,ru,53.07,52.93
milkovo,ru,54.76,157.32
novyy urengoy,ru,65.93,75.76
parkes,au,-31.56,145.96
kamenica,mk,42.13,22.59
behbahan,ir,30.9,50.23
wuchang,cn,45.07,127.32
bintulu,my,3.96,112.0
otavi,na,-19.95,17.37
zhirnovsk,ru,51.04,44.75
bath,us,43.78,-69.69
huescar,es,38.39,-2.35
lethbridge,ca,49.68,-112.79
kanakapura,in,12.45,77.37
dumfries,gb,54.96,-3.49
oriximina,br,-1.42,-55.74
katobu,id,-5.79,123.4
belyy,ru,55.47,32.86
homa bay,ke,-0.72,34.36
bela,pk,26.87,65.31
zaragoza,es,41.33,-0.58
eidfjord,no,60.37,7.36
nongpoh,in,25.97,91.72
bougouni,ml,11.3,-7.84
eldorado,mx,24.08,-107.39
karawang,id,-6.39,107.23
san ignacio,ph,5.99,128.38
west bay,ky,19.44,-83.25
bhag,pk,29.09,67.73
owando,cg,0.32,15.66
provost,ca,52.49,-110.42
rosario do sul,br,-30.56,-54.87
mokhsogollokh,ru,61.23,128.63
knysna,za,-36.38,22.64
leua,ao,-11.33,20.39
porirua,nz,-40.85,174.31
inuvik,ca,68.1,-133.79
sweetwater,us,32.14,-100.76
lithakia,gr,35.71,19.04
kosonsoy,uz,41.76,72.05
itanagar,in,27.14,93.8
chibombo,zm,-14.55,27.92
zmeinogorsk,ru,50.92,82.9
tay ninh,vn,11.8,106.35
nanakuli,us,12.88,-163.53
fagernes,no,60.91,9.1
metehara,et,8.93,39.91
uyutne,ua,45.31,33.17
hulan,cn,46.07,126.63
ondangwa,na,-18.38,16.62
urubicha,bo,-15.03,-63.37
minyar,ru,55.27,57.56
turochak,ru,52.19,87.22
lushunkou,cn,38.91,120.3
wattegama,lk,3.02,87.82
tymovskoye,ru,50.56,143.61
kaupanger,no,61.4,6.95
beaufort,us,32.47,-80.61
tygda,ru,53.5,126.48
trinidad,cu,21.33,-80.04
yekaterinovka,ru,52.15,44.69
paliyad,in,22.23,71.41
pasni,pk,22.57,63.82
pelym,ru,62.3,61.58
ondjiva,ao,-16.01,15.9
yuncheng,cn,35.42,110.65
borgarnes,is,64.74,-22.31
waverly,us,42.71,-92.95
kaka,tm,38.1,59.8
sovetskaya gavan,ru,47.39,140.13
haimen,cn,21.56,117.71
sao goncalo do sapucai,br,-21.95,-45.52
paradwip,in,17.93,89.66
druzhba,ua,51.18,27.9
esil,kz,52.19,66.58
carauari,br,-5.71,-65.73
grants,us,35.01,-107.71
kodumudi,in,11.04,77.92
manono,cd,-8.41,27.54
fairlie,nz,-43.84,170.58
minas de barroteran,mx,27.4,-101.06
sheltozero,ru,61.08,34.83
balkanabat,tm,42.09,55.55
narva-joesuu,ee,59.51,28.08
shiyan,cn,32.58,110.02
guapo,br,-17.14,-49.61
ust-tarka,ru,55.63,76.01
pekan,my,3.05,103.48
keti bandar,pk,24.24,67.09
yertarskiy,ru,56.63,64.29
dargaville,nz,-36.81,173.04
camargo,bo,-20.72,-65.55
chor,pk,25.63,69.71
spas-demensk,ru,54.3,34.23
muborak,uz,39.39,64.96
indramayu,id,-5.44,108.83
ashqelon,il,32.36,33.33
kontagora,ng,10.53,4.92
antwerp,be,51.24,4.38
chipinge,zw,-20.65,33.26
bandundu,cd,-3.83,17.48
jiujiang,cn,29.45,115.54
laytown,ie,53.73,-6.21
sale,au,-37.71,146.86
katangli,ru,51.0,144.4
ustynivka,ua,47.85,32.42
korablino,ru,54.11,40.17
cartagena,co,11.23,-77.15
melykut,hu,46.2,19.38
bella vista,py,-22.64,-56.35
sao felipe,br,-14.88,-41.26
stawell,au,-36.91,142.93
port moresby,pg,-13.02,147.51
homer,us,60.93,-154.87
kalemie,cd,-6.04,28.21
achisay,kz,43.52,68.95
singaraja,id,-7.84,114.88
bull savanna,jm,16.63,-78.28
enid,us,36.11,-97.7
atikokan,ca,48.53,-91.3
quelimane,mz,-21.06,39.16
leopoldina,br,-21.67,-42.57
